,Company Name,Industry,Symbol,eps,bv,insider_h,inst_h,float_pc
0,3M India Ltd.,CONSUMER GOODS,3MINDIA,144.14,1695.911,76.48,8.9209996,0.22940417750397243
1,ABB India Ltd.,INDUSTRIAL MANUFACTURING,ABB,13.96,170.186,75.0,14.151,0.2474904392472205
2,ABB Power Products and Systems India Ltd.,INDUSTRIAL MANUFACTURING,POWERINDIA,25.976,220.029,77.024,11.006,0.24145985177564847
3,ACC Ltd.,CEMENT & CEMENT PRODUCTS,ACC,88.701,676.251,57.14399999999999,28.893998,0.42604058103955733
4,AIA Engineering Ltd.,INDUSTRIAL MANUFACTURING,AIAENG,60.02,449.929,58.557,33.188,0.3146918058023503
5,APL Apollo Tubes Ltd.,METALS,APLAPOLLO,22.6,115.077,48.841,26.235999999999997,0.4886777799128875
6,AU Small Finance Bank Ltd.,FINANCIAL SERVICES,AUBANK,37.86,203.877,39.845002,40.39,0.6456696816878635
7,Aarti Drugs Ltd.,PHARMA,AARTIDRUGS,30.087,98.006,65.756,2.8529999999999998,0.3054463930885529
8,Aarti Industries Ltd.,CHEMICALS,AARTIIND,30.04,201.045,48.374,19.830999,0.4905813331496723
9,Aavas Financiers Ltd.,FINANCIAL SERVICES,AAVAS,36.54,306.113,37.888,51.617000000000004,0.43540961930893224
10,Abbott India Ltd.,PHARMA,ABBOTINDIA,325.04,1224.536,74.98599999999999,4.048,0.24558008969707237
11,Adani Enterprises Ltd.,METALS,ADANIENT,8.39,156.22,17.466,14.693000000000001,0.25041866957011105
12,Adani Green Energy Ltd.,POWER,ADANIGREEN,0.68,10.057,98.437,12.328,0.38522971794532995
13,Adani Ports and Special Economic Zone Ltd.,SERVICES,ADANIPORTS,24.58,150.786,35.076,21.586001,0.35633731176618244
14,Adani Total Gas Ltd.,OIL & GAS,ATGL,4.21,17.625,80.71300000000001,10.818999999999999,0.2433456918189567
15,Adani Transmission Ltd.,POWER,ADANITRANS,9.02,62.475,76.475996,17.206,0.32557674541267695
16,Aditya Birla Capital Ltd.,FINANCIAL SERVICES,ABCAPITAL,4.66,56.78,77.366996,5.197,0.2908599727733773
17,Aditya Birla Fashion and Retail Ltd.,CONSUMER SERVICES,ABFRL,-8.583,12.216,64.592004,20.131001,0.2943830614732553
18,Advanced Enzyme Tech Ltd.,CONSUMER GOODS,ADVENZYMES,13.07,87.027,64.902,20.535,0.27798488074576394
19,Aegis Logistics Ltd.,SERVICES,AEGISCHEM,6.36,55.345,63.464,10.258000000000001,0.36230378347578346
20,Affle (India) Ltd.,IT,AFFLE,52.96,140.967,64.375,15.769,0.38294676963024665
21,Ajanta Pharmaceuticals Ltd.,PHARMA,AJANTPHARM,75.09,346.098,59.483003999999994,14.704001,0.2873848573587976
22,Akzo Nobel India Ltd.,CONSUMER GOODS,AKZOINDIA,45.6,283.001,80.037004,11.3649994,0.19956950217719252
23,Alembic Ltd.,PHARMA,ALEMBICLTD,13.35,89.403,71.774,5.213,0.25926790429235697
24,Alembic Pharmaceuticals Ltd.,PHARMA,APLLTD,60.81,260.778,70.095,14.957,0.28788435105754995
25,Alkem Laboratories Ltd.,PHARMA,ALKEM,128.274,585.15,80.307996,14.142999,0.2572576506502739
26,Alkyl Amines Chemicals Ltd.,CHEMICALS,ALKYLAMINE,57.72,155.287,74.75700400000001,1.5890000000000002,0.21847004588432137
27,Alok Industries Ltd.,TEXTILES,ALOKINDS,-15.19,-35.659,75.069,0.857,0.2291081575087541
28,Amara Raja Batteries Ltd.,AUTOMOBILE,AMARAJABAT,37.87,246.535,52.491003000000006,29.073,0.45608836030255484
29,Amber Enterprises India Ltd.,CONSUMER GOODS,AMBER,24.96,475.992,53.069997,29.282000000000004,0.47379237068057234
30,Ambuja Cements Ltd.,CEMENT & CEMENT PRODUCTS,AMBUJACEM,13.89,114.611,64.357,20.882,0.3513691471982882
31,Angel Broking Ltd.,FINANCIAL SERVICES,ANGELBRKG,38.32,138.278,71.810997,15.662999999999998,0.20999946229289998
32,Apollo Hospitals Enterprise Ltd.,HEALTHCARE SERVICES,APOLLOHOSP,14.534,225.396,29.965000000000003,47.107,0.6738832520156206
33,Apollo Tyres Ltd.,AUTOMOBILE,APOLLOTYRE,5.68,180.051,32.189,23.005,0.38994603396872035
34,Asahi India Glass Ltd.,AUTOMOBILE,ASAHIINDIA,4.147,52.388,54.269003999999995,1.328,0.4535152865193961
35,Ashok Leyland Ltd.,AUTOMOBILE,ASHOKLEY,-1.694,24.888,35.167,29.864,0.5641902651402112
36,Ashoka Buildcon Ltd.,CONSTRUCTION,ASHOKA,9.523,16.373,54.481,28.689999999999998,0.45599307271600625
37,Asian Paints Ltd.,CONSUMER GOODS,ASIANPAINT,32.73,133.454,43.875,16.212,0.46734862616730016
38,Aster DM Healthcare Ltd.,HEALTHCARE SERVICES,ASTERDM,3.472,64.196,23.531,36.196,0.20757079527573127
39,AstraZenca Pharma India Ltd.,PHARMA,ASTRAZEN,37.32,182.443,83.585,2.7609998,0.16676384
40,Astral Poly Technik Ltd.,INDUSTRIAL MANUFACTURING,ASTRAL,20.13,94.356,63.514,18.844,0.35322214645509387
41,Atul Ltd.,CHEMICALS,ATUL,221.17,1290.59,49.056998,30.034,0.5091396588378043
42,Aurobindo Pharma Ltd.,PHARMA,AUROPHARMA,91.04,373.988,50.68,23.319000000000003,0.4782087694697398
43,Avanti Feeds Ltd.,CONSUMER GOODS,AVANTIFEED,27.69,118.698,71.114,9.712,0.2829275208079503
44,Avenue Supermarts Ltd.,CONSUMER SERVICES,DMART,16.85,188.107,78.424,12.2609995,0.18844804835437176
45,Axis Bank Ltd.,FINANCIAL SERVICES,AXISBANK,24.13,338.103,2.2669999,65.630996,0.8619367854474691
46,BASF India Ltd.,CHEMICALS,BASF,127.668,412.649,75.365996,8.9899994,0.257626185151644
47,BEML Ltd.,INDUSTRIAL MANUFACTURING,BEML,23.029,504.154,55.615,22.503,0.44413975434931385
48,BSE Ltd.,FINANCIAL SERVICES,BSE,30.94,648.048,0.0,3.8739999999999997,0.9813012750892296
49,Bajaj Auto Ltd.,AUTOMOBILE,BAJAJ-AUTO,167.9,942.355,58.425000000000004,17.559,0.3974098940816363
50,Bajaj Consumer Care Ltd.,CONSUMER GOODS,BAJAJCON,12.982,49.735,38.04,33.567002,0.6199196827978853
51,Bajaj Electricals Ltd,CONSUMER GOODS,BAJAJELEC,16.49,137.01,65.629,19.221,0.3344857993486821
52,Bajaj Finance Ltd.,FINANCIAL SERVICES,BAJFINANCE,73.0,614.101,56.668997,21.310000000000002,0.42979308309282366
53,Bajaj Finserv Ltd.,FINANCIAL SERVICES,BAJAJFINSV,280.9,2250.674,68.69800000000001,9.467,0.32585230717443747
54,Bajaj Holdings & Investment Ltd.,FINANCIAL SERVICES,BAJAJHLDNG,327.9,3340.789,60.033,12.328,0.25044556759573744
55,Balaji Amines Ltd.,CHEMICALS,BALAMINES,73.52,276.049,72.489,0.823,0.2593995247060276
56,Balkrishna Industries Ltd.,AUTOMOBILE,BALKRISIND,60.91,310.295,59.072,27.071,0.41453958687708115
57,Balmer Lawrie & Co. Ltd.,INDUSTRIAL MANUFACTURING,BALMLAWRIE,5.4,84.5,63.346000000000004,5.903,0.3628995812963439
58,Balrampur Chini Mills Ltd.,CONSUMER GOODS,BALRAMCHIN,22.488,112.541,46.276,26.656999999999996,0.5761506285714286
59,Bandhan Bank Ltd.,FINANCIAL SERVICES,BANDHANBNK,13.69,108.133,49.669999999999995,28.011999999999997,0.42092985253746534
60,Bank of Baroda,FINANCIAL SERVICES,BANKBARODA,3.32,176.837,65.294,18.047,0.32457067678330137
61,Bank of India,FINANCIAL SERVICES,BANKINDIA,-4.875,143.34,89.09899999999999,4.789000000000001,0.06865705925257504
62,Bank of Maharashtra.,FINANCIAL SERVICES,MAHABANK,0.91,18.938,93.33,1.966,0.06603097301040357
63,Bata India Ltd.,CONSUMER GOODS,BATAINDIA,-6.256,132.259,53.181999999999995,29.354000000000003,0.45895162921697996
64,Bayer Cropscience Ltd.,FERTILISERS & PESTICIDES,BAYERCROP,109.72,567.328,72.708,12.617,0.3347996644571571
65,Berger Paints India Ltd.,CONSUMER GOODS,BERGEPAINT,7.41,34.806,76.435995,11.8090004,0.23155533031399103
66,Bharat Dynamics Ltd.,INDUSTRIAL MANUFACTURING,BDL,16.582,136.664,74.926,16.375,0.2511095531390402
67,Bharat Electronics Ltd.,INDUSTRIAL MANUFACTURING,BEL,7.295,41.607,51.137,39.228,0.48912031809634554
68,Bharat Forge Ltd.,INDUSTRIAL MANUFACTURING,BHARATFORG,-8.744,113.545,47.325,31.724999999999998,0.5214952010721078
69,Bharat Heavy Electricals Ltd.,INDUSTRIAL MANUFACTURING,BHEL,-9.644,78.286,63.181,25.526,0.3649510560764508
70,Bharat Petroleum Corporation Ltd.,OIL & GAS,BPCL,81.6,268.105,54.495000000000005,26.070999999999998,0.4110920526760777
71,Bharat Rasayan Ltd.,FERTILISERS & PESTICIDES,BHARATRAS,360.819,1518.355,0.0,1.433,0.2041600568639173
72,Bharti Airtel Ltd.,TELECOM,BHARTIARTL,-27.65,107.408,55.996,29.455,0.4237814292670717
73,Biocon Ltd.,PHARMA,BIOCON,6.19,64.16,66.407996,13.259000000000002,0.3572731751911684
74,Birla Corporation Ltd.,CEMENT & CEMENT PRODUCTS,BIRLACORPN,81.83,712.455,65.929,13.668,0.37629015801718363
75,Birlasoft Ltd.,IT,BSOFT,11.539,78.409,53.691,27.105,0.49000960101995866
76,Bliss GVS Pharma Ltd.,PHARMA,BLISSGVS,6.49,78.985,67.01599999999999,10.395,0.35349060053987635
77,Blue Dart Express Ltd.,SERVICES,BLUEDART,42.91,249.478,78.224,11.083999,0.2232301636470147
78,Blue Star Ltd.,CONSUMER GOODS,BLUESTARCO,10.42,91.943,45.141,30.457002,0.4014269009384149
79,Bombay Burmah Trading Corporation Ltd.,CONSUMER GOODS,BBTC,52.96,784.837,75.176,6.1490003,0.2221269036889118
80,Bosch Ltd.,AUTOMOBILE,BOSCHLTD,163.4,3326.83,70.666003,16.792,0.29345722461822227
81,Brigade Enterprises Ltd.,CONSTRUCTION,BRIGADE,-2.24,111.539,55.838,34.335,0.3732664960182025
82,Britannia Industries Ltd.,CONSUMER GOODS,BRITANNIA,77.4,147.332,50.547003999999994,21.570998,0.4922069515253168
83,Burger King India Ltd.,CONSUMER SERVICES,BURGERKING,-5.47,17.655,64.61099999999999,19.457,0.34945723382285454
84,CCL Products (I) Ltd.,CONSUMER GOODS,CCL,13.7,81.763,50.74999999999999,19.440001000000002,0.5070621222599754
85,CESC Ltd.,POWER,CESC,100.382,759.454,6.0229998,79.61,0.4997718113717118
86,CRISIL Ltd.,FINANCIAL SERVICES,CRISIL,48.229,180.707,73.599,15.321000000000002,0.26442592933711273
87,CSB Bank Ltd.,FINANCIAL SERVICES,CSBBANK,12.59,125.558,59.940000000000005,9.792,0.8359793355083407
88,Cadila Healthcare Ltd.,PHARMA,CADILAHC,20.84,126.861,75.0,13.941,0.2474348770997362
89,Can Fin Homes Ltd.,FINANCIAL SERVICES,CANFINHOME,34.25,195.919,42.921,22.609,0.5791961488201631
90,Canara Bank,FINANCIAL SERVICES,CANBK,19.11,378.911,69.332004,15.365,0.3067433048421644
91,Caplin Point Laboratories Ltd.,PHARMA,CAPLIPOINT,31.71,156.872,76.157,1.701,0.2236904239398859
92,Capri Global Capital Ltd.,FINANCIAL SERVICES,CGCL,,,,,
93,Carborundum Universal Ltd.,INDUSTRIAL MANUFACTURING,CARBORUNIV,14.99,112.542,46.448,32.978,0.5710505980634137
94,Castrol India Ltd.,OIL & GAS,CASTROLIND,7.083,14.298,51.147,21.082,0.48833019770390623
95,Ceat Ltd.,AUTOMOBILE,CEATLTD,106.81,819.74,2.8859999000000003,80.973,0.41136375435413014
96,Central Bank of India,FINANCIAL SERVICES,CENTRALBK,-1.738,37.502,60.765,2.8970001,0.2485209968379091
97,Central Depository Services (India) Ltd.,FINANCIAL SERVICES,CDSL,19.17,83.924,0.0,10.9560005,0.7451285741626794
98,Century Plyboards (India) Ltd.,CONSUMER GOODS,CENTURYPLY,6.388,50.207,74.18900000000001,15.927,0.27790694739349775
99,Century Textile & Industries Ltd.,PAPER AND JUTE,CENTURYTEX,-2.73,312.517,56.733999999999995,18.586999000000002,0.43763683569689155
100,Cera Sanitaryware Ltd,CONSUMER GOODS,CERA,70.919,611.386,60.401,24.587,0.31873280588040814
101,Chalet Hotels Ltd.,CONSUMER SERVICES,CHALET,-6.78,69.273,75.553,21.666000999999998,0.28263119439675355
102,Chambal Fertilizers & Chemicals Ltd.,FERTILISERS & PESTICIDES,CHAMBLFERT,39.76,126.109,65.45400000000001,19.633,0.35263169376850034
103,Cholamandalam Financial Holdings Ltd.,FINANCIAL SERVICES,CHOLAHLDNG,43.93,286.814,50.86000000000001,33.43,0.49110967996249894
104,Cholamandalam Investment and Finance Company Ltd.,FINANCIAL SERVICES,CHOLAFIN,18.52,117.095,51.803,38.479,0.4820158224274721
105,Cipla Ltd.,PHARMA,CIPLA,29.79,227.246,38.621,29.876,0.6270568969804514
106,City Union Bank Ltd.,FINANCIAL SERVICES,CUB,7.97,79.345,8.36,49.543,0.9349032771649295
107,Coal India Ltd.,METALS,COALINDIA,20.68,60.126,66.135,24.254998999999998,0.32727324760883114
108,Cochin Shipyard Ltd.,INDUSTRIAL MANUFACTURING,COCHINSHIP,38.698,281.742,72.86200000000001,7.095999999999999,0.2713504257260149
109,Coforge Ltd.,IT,COFORGE,73.29,406.999,3.74,82.45599999999999,0.4156896833426029
110,Colgate Palmolive (India) Ltd.,CONSUMER GOODS,COLPAL,38.07,42.869,51.120996,19.539,0.4859226238657945
111,Computer Age Management Services Ltd.,FINANCIAL SERVICES,CAMS,41.93,105.702,45.398998,39.360002,0.5791374793908921
112,Container Corporation of India Ltd.,SERVICES,CONCOR,8.22,167.195,55.63399999999999,31.148999999999997,0.43847023930069257
113,Coromandel International Ltd.,FERTILISERS & PESTICIDES,COROMANDEL,45.22,175.487,60.499,24.577999000000002,0.3965672929127908
114,CreditAccess Grameen Ltd.,FINANCIAL SERVICES,CREDITACC,8.9,173.844,75.801,13.982001,0.34899033207770336
115,Crompton Greaves Consumer Electricals Ltd.,CONSUMER GOODS,CROMPTON,9.75,30.784,16.747,64.375997,0.8856323912748485
116,Cummins India Ltd.,INDUSTRIAL MANUFACTURING,CUMMINSIND,22.91,167.776,51.041000000000004,31.435000000000002,0.4769833874458874
117,Cyient Ltd.,IT,CYIENT,33.06,268.773,32.727000000000004,56.486000000000004,0.6498921058131821
118,DCB Bank Ltd.,FINANCIAL SERVICES,DCBBANK,10.7,121.089,17.206,53.964999999999996,0.8398148704107944
119,DCM Shriram Ltd.,CONSUMER GOODS,DCMSHRIRAM,43.17,298.081,78.251,11.09,0.21482090136076235
120,DLF Ltd.,CONSTRUCTION,DLF,-5.038,139.161,74.953,13.618,0.24416451251230714
121,Dabur India Ltd.,CONSUMER GOODS,DABUR,9.55,43.407,67.999,16.242,0.37975787325318344
122,Dalmia Bharat Ltd.,CEMENT & CEMENT PRODUCTS,DALBHARAT,65.55,673.387,52.966,8.963000000000001,0.3735971569046601
123,Deepak Nitrite Ltd.,CHEMICALS,DEEPAKNTR,56.88,172.049,49.469003,20.879,0.4969736055060659
124,Delta Corp Ltd.,CONSUMER SERVICES,DELTACORP,-0.9,72.605,42.488,11.057,0.5433153138115909
125,Dhani Services Ltd.,FINANCIAL SERVICES,DHANI,-7.3,96.841,67.676,11.882,0.27572884673389897
126,Dhanuka Agritech Ltd.,FERTILISERS & PESTICIDES,DHANUKA,44.61,171.045,75.0,13.194,0.24457872601585176
127,Dilip Buildcon Ltd.,CONSTRUCTION,DBL,31.92,374.126,70.151,19.597,0.17747055076589677
128,Dish TV India Ltd.,MEDIA ENTERTAINMENT & PUBLICATION,DISHTV,-6.321,20.46,47.421002,14.751,0.8621565450279449
129,Dishman Carbogen Amcis Ltd.,PHARMA,DCAL,-10.53,363.404,65.792,13.088,0.35728893529074274
130,Divi's Laboratories Ltd.,PHARMA,DIVISLAB,74.75,350.108,52.368,25.661,0.4706970032869225
131,Dixon Technologies (India) Ltd.,CONSUMER GOODS,DIXON,26.87,126.77,51.70600400000001,24.407999999999998,0.42055194350633607
132,Dr. Lal Path Labs Ltd.,HEALTHCARE SERVICES,LALPATHLAB,35.25,150.773,58.592,38.034,0.33779744592878247
133,Dr. Reddy's Laboratories Ltd.,PHARMA,DRREDDY,115.14,1055.26,33.036998000000004,34.230998,0.704646897115322
134,E.I.D. Parry (India) Ltd.,CONSUMER GOODS,EIDPARRY,34.385,234.25,58.695,5.6539997,0.398117751352328
135,EIH Ltd.,CONSUMER SERVICES,EIHOTEL,-6.17,49.549,71.172,15.913,0.3132171487692748
136,EPL Ltd.,INDUSTRIAL MANUFACTURING,EPL,7.57,53.813,59.875,22.024,0.3933169597070934
137,Edelweiss Financial Services Ltd.,FINANCIAL SERVICES,EDELWEISS,-29.301,66.53,44.507000000000005,27.651999999999997,0.33574482432040026
138,Eicher Motors Ltd.,AUTOMOBILE,EICHERMOT,49.24,418.488,51.769,29.29,0.4855146824859334
139,Elgi Equipments Ltd.,INDUSTRIAL MANUFACTURING,ELGIEQUIP,3.238,27.501,53.279996,22.486,0.5312140464603794
140,Emami Ltd.,CONSUMER GOODS,EMAMILTD,10.23,39.581,66.778,33.641,0.4479307292163839
141,Endurance Technologies Ltd.,AUTOMOBILE,ENDURANCE,36.95,253.192,75.0,21.294,0.25004520022776705
142,Engineers India Ltd.,CONSTRUCTION,ENGINERSIN,5.436,38.609,51.333,20.120001000000002,0.5487375726009821
143,Equitas Holdings Ltd.,FINANCIAL SERVICES,EQUITAS,12.32,89.05,21.117,47.807997,0.7599626198560464
144,Eris Lifesciences Ltd.,PHARMA,ERIS,26.14,116.187,79.661006,14.762998999999999,0.25582942419510385
145,Escorts Ltd.,AUTOMOBILE,ESCORTS,91.98,511.854,52.085996,19.504999,0.32219565708039266
146,Exide Industries Ltd.,AUTOMOBILE,EXIDEIND,9.53,85.631,50.9,29.535,0.49075308588235295
147,FDC Ltd.,PHARMA,FDC,17.72,102.538,79.716,7.312,0.2470341863633671
148,Federal Bank Ltd.,FINANCIAL SERVICES,FEDERALBNK,8.31,82.631,6.637,57.8,0.9339979122288125
149,Fine Organic Industries Ltd.,CHEMICALS,FINEORG,39.25,238.571,75.0,17.082000999999998,0.24997547292889757
150,Finolex Cables Ltd.,INDUSTRIAL MANUFACTURING,FINCABLES,23.426,201.082,60.448,23.948999,0.43278597047000594
151,Finolex Industries Ltd.,INDUSTRIAL MANUFACTURING,FINPIPE,8.019,37.771,58.867000000000004,14.691,0.3852342844003473
152,Firstsource Solutions Ltd.,IT,FSL,5.13,40.214,6.6599995,73.04,0.41831878461845656
153,Fortis Healthcare Ltd.,HEALTHCARE SERVICES,FORTIS,-1.45,81.061,6.4899996,68.89699999999999,0.6230416367948068
154,Future Consumer Ltd.,CONSUMER SERVICES,FCONSUMER,-2.37,4.409,54.028,9.094,0.5842473639181899
155,Future Retail Ltd.,CONSUMER SERVICES,FRETAIL,-46.66,53.335,46.472,11.746000500000001,0.6916400315471579
156,GAIL (India) Ltd.,OIL & GAS,GAIL,18.567,113.236,58.80800000000001,25.948998,0.3326817838284077
157,GE Power India Ltd.,INDUSTRIAL MANUFACTURING,GEPIL,10.313,137.038,68.821996,14.614000999999998,0.30769582044872584
158,GMM Pfaudler Ltd.,INDUSTRIAL MANUFACTURING,GMMPFAUDLR,50.19,278.555,59.559,11.366999999999999,0.40113425688387205
159,GMR Infrastructure Ltd.,CONSTRUCTION,GMRINFRA,-4.792,-0.02,63.844,17.813000000000002,0.35315333785493497
160,Galaxy Surfactants Ltd.,CHEMICALS,GALAXYSURF,80.748,336.81,72.694,16.822,0.26145974593002924
161,Garden Reach Shipbuilders & Engineers Ltd.,INDUSTRIAL MANUFACTURING,GRSE,13.4,99.197,74.5,15.158,0.24133887666736503
162,Garware Technical Fibres Ltd.,TEXTILES,GARFIBRES,74.64,382.242,57.164,6.1739996,0.4530325634633479
163,General Insurance Corporation of India,FINANCIAL SERVICES,GICRE,11.246,283.442,85.78399399999999,9.428999600000001,0.14212392555859554
164,Gillette India Ltd.,CONSUMER GOODS,GILLETTE,100.599,285.018,79.764,11.411,0.19627487325534293
165,Glaxosmithkline Pharmaceuticals Ltd.,PHARMA,GLAXO,21.14,88.92,75.51,11.295,0.24371780810597027
166,Glenmark Pharmaceuticals Ltd.,PHARMA,GLENMARK,34.38,250.42,52.568000000000005,20.645,0.5064176377193729
167,Godfrey Phillips India Ltd.,CONSUMER GOODS,GODFRYPHLP,61.533,450.223,73.265,10.786999999999999,0.2868322437824437
168,Godrej Agrovet Ltd.,CONSUMER GOODS,GODREJAGRO,16.33,106.923,73.454005,16.440001000000002,0.1466946211592724
169,Godrej Consumer Products Ltd.,CONSUMER GOODS,GODREJCP,16.83,92.366,63.233,20.681,0.3553046735761472
170,Godrej Industries Ltd.,CONSUMER GOODS,GODREJIND,9.94,224.543,80.574995,11.9169995,0.3276216852268731
171,Godrej Properties Ltd.,CONSTRUCTION,GODREJPROP,-7.48,324.322,63.07899999999999,21.967,0.3005802599909194
172,Granules India Ltd.,PHARMA,GRANULES,21.95,87.736,45.555001,19.189999999999998,0.5521591262046108
173,Graphite India Ltd.,INDUSTRIAL MANUFACTURING,GRAPHITE,-5.275,227.096,65.886,14.265001,0.3330238821554336
174,Grasim Industries Ltd.,CEMENT & CEMENT PRODUCTS,GRASIM,65.49,997.592,40.849000000000004,25.174000000000003,0.5549819152791303
175,Great Eastern Shipping Co. Ltd.,SERVICES,GESHIP,62.38,523.469,29.215000000000003,41.262,0.6324274389994965
176,Greaves Cotton Ltd.,INDUSTRIAL MANUFACTURING,GREAVESCOT,-0.81,33.846,103.65899999999999,13.843,0.41287748509768357
177,Grindwell Norton Ltd.,INDUSTRIAL MANUFACTURING,GRINDWELL,21.6,123.197,59.900003999999996,19.159001,0.3875640534682081
178,Gujarat Alkalies & Chemicals Ltd.,CHEMICALS,GUJALKALI,22.57,731.92,76.053,3.159,0.25316381836182184
179,Gujarat Ambuja Exports Ltd.,CONSUMER GOODS,GAEL,14.74,72.186,71.809,0.736,0.2731017281059855
180,Gujarat Fluorochemicals Ltd.,CHEMICALS,FLUOROCHEM,-28.13,352.181,76.462996,6.232999599999999,0.22956929449248975
181,Gujarat Gas Ltd.,OIL & GAS,GUJGASLTD,17.09,54.709,74.953,15.463,0.2504174595698959
182,Gujarat Narmada Valley Fertilizers and Chemicals Ltd.,CHEMICALS,GNFC,44.84,390.438,42.629,19.368,0.5673851553601474
183,Gujarat Pipavav Port Ltd.,SERVICES,GPPL,4.59,46.229,44.005,42.305002,0.549164827072646
184,Gujarat State Fertilizers & Chemicals Ltd.,FERTILISERS & PESTICIDES,GSFC,11.3,231.868,46.076,20.502001,0.5558855046096194
185,Gujarat State Petronet Ltd.,OIL & GAS,GSPL,27.874,97.348,50.259,34.342,0.3992158373485687
186,Gulf Oil Lubricants India Ltd.,OIL & GAS,GULFOILLUB,39.7,172.901,72.495,16.988,0.25961808991309115
187,H.E.G. Ltd.,INDUSTRIAL MANUFACTURING,HEG,-4.65,906.373,60.192,13.722000000000001,0.027346480084499386
188,HCL Technologies Ltd.,IT,HCLTECH,45.191,3.096,60.464,22.851999,0.3957893009571546
189,HDFC Asset Management Company Ltd.,FINANCIAL SERVICES,HDFCAMC,62.16,224.242,54.529,31.764,0.4456873022821824
190,HDFC Bank Ltd.,FINANCIAL SERVICES,HDFCBANK,57.6,380.624,21.641001000000003,38.234,0.8352563648584629
191,HDFC Life Insurance Company Ltd.,FINANCIAL SERVICES,HDFCLIFE,6.69,42.514,50.176,40.514,0.40971886284334147
192,HFCL Ltd.,TELECOM,HFCL,1.86,14.937,48.503,1.195,0.656911272348401
193,Happiest Minds Technologies Ltd.,IT,HAPPSTMNDS,11.45,38.621,60.76200000000001,13.056000000000001,0.3357867550931474
194,Hatsun Agro Product Ltd.,CONSUMER GOODS,HATSUN,11.428,47.388,75.917,8.366,0.2071503010386643
195,Havells India Ltd.,CONSUMER GOODS,HAVELLS,16.68,82.629,64.9,19.284001,0.3413300741847862
196,HeidelbergCement India Ltd.,CEMENT & CEMENT PRODUCTS,HEIDELBERG,13.9,65.949,73.143,14.32,0.30453637450760107
197,Hemisphere Properties India Ltd.,CONSTRUCTION,HEMIPROP,-0.044,9.968,66.511,15.296999999999999,0.2530162561403509
198,Hero MotoCorp Ltd.,AUTOMOBILE,HEROMOTOCO,146.04,771.748,36.565999999999995,36.213002,0.6515109715200961
199,Himadri Speciality Chemical Ltd.,CHEMICALS,HSCL,2.253,41.91,46.206,13.241,0.4021653675541464
200,Hindalco Industries Ltd.,METALS,HINDALCO,15.65,299.191,35.522,39.457,0.6130577328305298
201,Hindustan Aeronautics Ltd.,INDUSTRIAL MANUFACTURING,HAL,85.043,418.311,75.14999999999999,19.336000000000002,0.24853330126988665
202,Hindustan Copper Ltd.,METALS,HINDCOPPER,-3.971,10.85,72.765,12.443,0.26071999867635137
203,Hindustan Petroleum Corporation Ltd.,OIL & GAS,HINDPETRO,70.57,257.671,54.92,26.722,0.4600920669969525
204,Hindustan Unilever Ltd.,CONSUMER GOODS,HINDUNILVR,34.026,202.905,62.147,16.282,0.365266549123777
205,Hindustan Zinc Ltd.,METALS,HINDZINC,18.89,76.452,94.45700000000001,3.034,0.052775681694556535
206,Honeywell Automation India Ltd.,INDUSTRIAL MANUFACTURING,HONAUT,520.32,2916.786,75.158,12.186,0.24431885015246246
207,Housing & Urban Development Corporation Ltd.,FINANCIAL SERVICES,HUDCO,7.46,62.395,89.807,2.191,0.10172674746228287
208,Housing Development Finance Corporation Ltd.,FINANCIAL SERVICES,HDFC,104.7,869.679,1.0299999,60.61,0.9759428544834277
209,Huhtamaki India Ltd.,INDUSTRIAL MANUFACTURING,HUHTAMAKI,11.231,100.884,73.347,1.928,0.2732304524525759
210,ICICI Bank Ltd.,FINANCIAL SERVICES,ICICIBANK,26.83,227.825,2.003,49.956,0.9927443680183669
211,ICICI Lombard General Insurance Company Ltd.,FINANCIAL SERVICES,ICICIGI,32.27,178.67,52.20399999999999,28.988999999999997,0.4686604156891513
212,ICICI Prudential Life Insurance Company Ltd.,FINANCIAL SERVICES,ICICIPRULI,6.65,64.119,73.504996,14.693000000000001,0.2571000684619531
213,ICICI Securities Ltd.,FINANCIAL SERVICES,ISEC,33.08,56.521,74.968004,10.083999500000001,0.24981381870278718
214,IDBI Bank Ltd.,FINANCIAL SERVICES,IDBI,1.44,35.292,45.532000000000004,49.275002,0.05187946189485944
215,IDFC First Bank Ltd.,FINANCIAL SERVICES,IDFCFIRSTB,0.87,31.374,44.335,30.598999999999997,0.3849375710469604
216,IDFC Ltd.,FINANCIAL SERVICES,IDFC,-3.869,52.571,24.373,17.259,0.7503321920048891
217,IFB Industries Ltd.,CONSUMER GOODS,IFBIND,8.89,155.721,85.663,2.2319999999999998,0.1339012507774169
218,IIFL Finance Ltd.,FINANCIAL SERVICES,IIFL,20.04,142.287,54.87499999999999,34.597,0.29595496703571544
219,IIFL Wealth Management Ltd.,FINANCIAL SERVICES,IIFLWAM,41.76,322.184,48.379,44.012,0.33202114521213444
220,IOL Chem and Pharma Ltd.,PHARMA,IOLCP,79.25,186.488,63.54,2.819,0.33100000851708955
221,IRB Infrastructure Developers Ltd.,CONSTRUCTION,IRB,3.33,196.125,58.634995999999994,21.556998999999998,0.3550192592980741
222,IRCON International Ltd.,CONSTRUCTION,IRCON,3.571,44.628,149.131,0.6689999999999999,0.2657005723479646
223,ITC Ltd.,CONSUMER GOODS,ITC,10.784,48.064,29.78,44.451,0.6887634154139208
224,ITI Ltd.,TELECOM,ITI,-1.779,23.92,97.833997,0.017999999,0.02146501888896133
225,India Cements Ltd.,CEMENT & CEMENT PRODUCTS,INDIACEM,7.01,213.759,56.35,19.414,0.36529927660607947
226,Indiabulls Housing Finance Ltd.,FINANCIAL SERVICES,IBULHSGFIN,27.72,362.126,22.886999,35.127,0.8076355793158083
227,Indiabulls Real Estate Ltd.,CONSTRUCTION,IBREALEST,0.1,67.675,43.423,16.658,0.5912191948339873
228,Indiamart Intermesh Ltd.,CONSUMER SERVICES,INDIAMART,94.58,543.715,55.448,24.545999,0.42722980706748515
229,Indian Bank,FINANCIAL SERVICES,INDIANB,27.88,349.444,88.063,5.049,0.11933838946440425
230,Indian Energy Exchange Ltd.,FINANCIAL SERVICES,IEX,6.9,17.617,26.548,45.628,0.6207366209632657
231,Indian Hotels Co. Ltd.,CONSUMER SERVICES,INDHOTEL,-6.055,30.678,45.633,34.384,0.5734392350284584
232,Indian Oil Corporation Ltd.,OIL & GAS,IOC,23.57,121.794,73.337,15.456,0.2392564408428927
233,Indian Overseas Bank,FINANCIAL SERVICES,IOB,0.2,10.174,95.838,1.4730001,0.03605422883234244
234,Indian Railway Catering And Tourism Corporation Ltd.,SERVICES,IRCTC,14.792,83.545,67.39700400000001,14.559,0.3085
235,Indo Count Industries Ltd.,TEXTILES,ICIL,12.7,65.027,62.671,8.154,0.3450091590678825
236,Indoco Remedies Ltd.,PHARMA,INDOCO,10.1,83.359,60.01499999999999,19.805999,0.3625050026912526
237,Indraprastha Gas Ltd.,OIL & GAS,IGL,15.543,79.741,50.023996999999994,30.570999999999998,0.5004317707969524
238,Indus Towers Ltd.,TELECOM,INDUSTOWER,15.728,74.352,85.066,20.684,0.2525281043358287
239,IndusInd Bank Ltd.,FINANCIAL SERVICES,INDUSINDBK,39.96,568.756,18.204,33.882,0.6754869722862774
240,Infibeam Avenues Ltd.,IT,INFIBEAM,0.52,20.538,74.71800400000001,4.2930003,0.2892793784068743
241,Info Edge (India) Ltd.,CONSUMER SERVICES,NAUKRI,97.173,354.479,47.787,33.96,0.533187228227109
242,Infosys Ltd.,IT,INFY,44.509,2.46,14.791000000000002,58.472,0.8642235331129854
243,Ingersoll Rand (India) Ltd.,INDUSTRIAL MANUFACTURING,INGERRAND,22.92,142.683,76.71600600000001,4.848,0.2488173150025342
244,Inox Leisure Ltd.,MEDIA ENTERTAINMENT & PUBLICATION,INOXLEISUR,-32.22,56.545,47.456002000000005,37.612998,0.49001227010857523
245,Intellect Design Arena Ltd.,IT,INTELLECT,19.55,104.882,48.167,12.864,0.7766064419779214
246,InterGlobe Aviation Ltd.,SERVICES,INDIGO,-143.681,47.983,77.365994,10.317001000000001,0.24832693715266083
247,Ipca Laboratories Ltd.,PHARMA,IPCALAB,90.11,370.385,46.679002000000004,32.674,0.530555363730962
248,J.B. Chemicals & Pharmaceuticals Ltd.,PHARMA,JBCHEPHARM,51.393,210.343,56.521,16.245002,0.40670610175997296
249,J.K. Cement Ltd.,CEMENT & CEMENT PRODUCTS,JKCEMENT,86.252,427.908,57.913000000000004,30.692000000000004,0.42494085535834925
250,JK Lakshmi Cement Ltd.,CEMENT & CEMENT PRODUCTS,JKLAKSHMI,34.45,177.936,52.830005,30.564999999999998,0.472485102405031
251,JK Paper Ltd.,PAPER AND JUTE,JKPAPER,13.73,146.195,56.679,2.118,0.36865770770120776
252,JK Tyre & Industries Ltd.,AUTOMOBILE,JKTYRE,12.97,108.538,63.212,2.6870001,0.3236349582746296
253,JM Financial Ltd.,FINANCIAL SERVICES,JMFINANCIL,6.32,75.263,30.256,57.907003,0.3661938885389026
254,JSW Energy Ltd.,POWER,JSWENERGY,4.851,79.234,69.128,12.46,0.2483040801622483
255,JSW Steel Ltd.,METALS,JSWSTEEL,32.71,194.386,55.477,13.561,0.3499344734432234
256,JTEKT India Ltd.,AUTOMOBILE,JTEKTINDIA,0.48,24.593,78.129,4.5819998,0.209003546302356
257,Jamna Auto Industries Ltd.,AUTOMOBILE,JAMNAAUTO,1.83,14.531,60.874003,15.371001000000001,0.4254550674590427
258,Jindal Saw Ltd.,METALS,JINDALSAW,10.02,219.239,63.486,7.063999999999999,0.355693156899024
259,Jindal Stainless (Hisar) Ltd.,METALS,JSLHISAR,29.4,125.913,51.632999999999996,23.992,0.354159086895659
260,Jindal Stainless Ltd.,METALS,JSL,8.48,65.723,64.68599400000001,19.075,0.3068755190924212
261,Jindal Steel & Power Ltd.,METALS,JINDALSTEL,35.63,311.966,26.400997999999998,22.691,0.3862117981596219
262,Johnson Controls - Hitachi Air Conditioning India Ltd.,CONSUMER GOODS,JCHAC,12.2,264.825,74.778,13.99,0.2461529408736011
263,Jubilant Foodworks Ltd.,CONSUMER SERVICES,JUBLFOOD,12.078,85.167,43.344003,34.374002,0.5630625980343869
264,Justdial Ltd.,CONSUMER SERVICES,JUSTDIAL,33.0,204.338,47.868,31.154,0.46683523143330635
265,Jyothy Labs Ltd.,CONSUMER GOODS,JYOTHYLAB,5.43,38.991,64.66,23.773001,0.37026714748858874
266,K.P.R. Mill Ltd.,TEXTILES,KPRMILL,74.88,341.492,74.732,18.731001,0.25271929952041855
267,KEI Industries Ltd.,INDUSTRIAL MANUFACTURING,KEI,30.18,198.022,44.72,35.287,0.5642949895053608
268,KNR Constructions Ltd.,CONSTRUCTION,KNRCON,14.49,69.886,55.035000000000004,33.236998,0.4420333189813979
269,KPIT Technologies Ltd.,IT,KPITTECH,5.19,44.622,50.785000000000004,29.137,0.5046075821466091
270,KRBL Ltd.,CONSUMER GOODS,KRBL,24.24,144.858,74.767,3.3930000000000002,0.25541988189812653
271,KSB Ltd.,INDUSTRIAL MANUFACTURING,KSB,36.456,255.867,69.864,13.670999,0.2943903665270428
272,Kajaria Ceramics Ltd.,CONSUMER GOODS,KAJARIACER,14.5,111.827,47.902,32.683,0.4350004023133015
273,Kalpataru Power Transmission Ltd.,POWER,KALPATPOWR,44.25,251.09,55.375,28.955,0.5935977929391933
274,Kansai Nerolac Paints Ltd.,CONSUMER GOODS,KANSAINER,9.83,75.332,75.067,11.4580005,0.24964711831069547
275,Karur Vysya Bank Ltd.,FINANCIAL SERVICES,KARURVYSYA,4.5,87.355,18.017,27.624,0.8306945039559928
276,Kaveri Seed Company Ltd.,CONSUMER GOODS,KSCL,52.23,209.219,60.683,19.0,0.42392435822845026
277,Kec International Ltd.,POWER,KEC,21.5,130.722,4.579,80.82000000000001,0.5834042623537465
278,Kotak Mahindra Bank Ltd.,FINANCIAL SERVICES,KOTAKBANK,50.49,421.683,29.516,59.205,0.7395386675514815
279,L&T Finance Holdings Ltd.,FINANCIAL SERVICES,L&TFH,,,,,
280,L&T Technology Services Ltd.,IT,LTTS,,,,,
281,LIC Housing Finance Ltd.,FINANCIAL SERVICES,LICHSGFIN,,,,,
282,La Opala RG Ltd.,CONSUMER GOODS,LAOPALA,,,,,
283,Lakshmi Machine Works Ltd.,INDUSTRIAL MANUFACTURING,LAXMIMACH,,,,,
284,Larsen & Toubro Infotech Ltd.,IT,LTI,,,,,
285,Larsen & Toubro Ltd.,CONSTRUCTION,LT,,,,,
286,Laurus Labs Ltd.,PHARMA,LAURUSLABS,,,,,
287,Lemon Tree Hotels Ltd.,CONSUMER SERVICES,LEMONTREE,,,,,
288,Linde India Ltd.,CHEMICALS,LINDEINDIA,,,,,
289,Lupin Ltd.,PHARMA,LUPIN,,,,,
290,Lux Industries Ltd.,TEXTILES,LUXIND,,,,,
291,MAS Financial Services Ltd.,FINANCIAL SERVICES,MASFIN,,,,,
292,MMTC Ltd.,SERVICES,MMTC,,,,,
293,MOIL Ltd.,METALS,MOIL,,,,,
294,MRF Ltd.,AUTOMOBILE,MRF,,,,,
295,Mahanagar Gas Ltd.,OIL & GAS,MGL,,,,,
296,Maharashtra Scooters Ltd.,FINANCIAL SERVICES,MAHSCOOTER,,,,,
297,Maharashtra Seamless Ltd.,METALS,MAHSEAMLES,,,,,
298,Mahindra & Mahindra Financial Services Ltd.,FINANCIAL SERVICES,M&MFIN,,,,,
299,Mahindra & Mahindra Ltd.,AUTOMOBILE,M&M,,,,,
300,Mahindra CIE Automotive Ltd.,INDUSTRIAL MANUFACTURING,MAHINDCIE,,,,,
301,Mahindra Holidays & Resorts India Ltd.,CONSUMER SERVICES,MHRIL,,,,,
302,Mahindra Logistics Ltd.,SERVICES,MAHLOG,,,,,
303,Manappuram Finance Ltd.,FINANCIAL SERVICES,MANAPPURAM,,,,,
304,Mangalore Refinery & Petrochemicals Ltd.,OIL & GAS,MRPL,,,,,
305,Marico Ltd.,CONSUMER GOODS,MARICO,,,,,
306,Maruti Suzuki India Ltd.,AUTOMOBILE,MARUTI,,,,,
307,Max Financial Services Ltd.,FINANCIAL SERVICES,MFSL,,,,,
308,Max Healthcare Institute Ltd.,HEALTHCARE SERVICES,MAXHEALTH,,,,,
309,Mazagoan Dock Shipbuilders Ltd.,INDUSTRIAL MANUFACTURING,MAZDOCK,,,,,
310,Metropolis Healthcare Ltd.,HEALTHCARE SERVICES,METROPOLIS,,,,,
311,MindTree Ltd.,IT,MINDTREE,,,,,
312,Minda Corporation Ltd.,AUTOMOBILE,MINDACORP,,,,,
313,Minda Industries Ltd.,AUTOMOBILE,MINDAIND,,,,,
314,Mishra Dhatu Nigam Ltd.,METALS,MIDHANI,,,,,
315,Motherson Sumi Systems Ltd.,AUTOMOBILE,MOTHERSUMI,,,,,
316,Motilal Oswal Financial Services Ltd.,FINANCIAL SERVICES,MOTILALOFS,,,,,
317,MphasiS Ltd.,IT,MPHASIS,,,,,
318,Multi Commodity Exchange of India Ltd.,FINANCIAL SERVICES,MCX,,,,,
319,Muthoot Finance Ltd.,FINANCIAL SERVICES,MUTHOOTFIN,,,,,
320,NATCO Pharma Ltd.,PHARMA,NATCOPHARM,,,,,
321,NBCC (India) Ltd.,CONSTRUCTION,NBCC,,,,,
322,NCC Ltd.,CONSTRUCTION,NCC,,,,,
323,NESCO Ltd.,SERVICES,NESCO,,,,,
324,NHPC Ltd.,POWER,NHPC,,,,,
325,NLC India Ltd.,POWER,NLCINDIA,,,,,
326,NMDC Ltd.,METALS,NMDC,,,,,
327,NOCIL Ltd.,CHEMICALS,NOCIL,,,,,
328,NTPC Ltd.,POWER,NTPC,,,,,
329,Narayana Hrudayalaya Ltd.,HEALTHCARE SERVICES,NH,,,,,
330,National Aluminium Co. Ltd.,METALS,NATIONALUM,,,,,
331,National Fertilizers Ltd.,FERTILISERS & PESTICIDES,NFL,,,,,
332,Navin Fluorine International Ltd.,CHEMICALS,NAVINFLUOR,,,,,
333,Nestle India Ltd.,CONSUMER GOODS,NESTLEIND,,,,,
334,Network18 Media & Investments Ltd.,MEDIA ENTERTAINMENT & PUBLICATION,NETWORK18,,,,,
335,Nilkamal Ltd.,INDUSTRIAL MANUFACTURING,NILKAMAL,,,,,
336,Nippon Life India Asset Management Ltd.,FINANCIAL SERVICES,NAM-INDIA,,,,,
337,Oberoi Realty Ltd.,CONSTRUCTION,OBEROIRLTY,,,,,
338,Oil & Natural Gas Corporation Ltd.,OIL & GAS,ONGC,,,,,
339,Oil India Ltd.,OIL & GAS,OIL,,,,,
340,Oracle Financial Services Software Ltd.,IT,OFSS,,,,,
341,Orient Electric Ltd.,CONSUMER GOODS,ORIENTELEC,,,,,
342,Orient Refractories Ltd.,INDUSTRIAL MANUFACTURING,ORIENTREF,,,,,
343,PI Industries Ltd.,FERTILISERS & PESTICIDES,PIIND,,,,,
344,PNB Housing Finance Ltd.,FINANCIAL SERVICES,PNBHOUSING,,,,,
345,PNC Infratech Ltd.,CONSTRUCTION,PNCINFRA,,,,,
346,PVR Ltd.,MEDIA ENTERTAINMENT & PUBLICATION,PVR,,,,,
347,Page Industries Ltd.,TEXTILES,PAGEIND,,,,,
348,Persistent Systems Ltd.,IT,PERSISTENT,,,,,
349,Petronet LNG Ltd.,OIL & GAS,PETRONET,,,,,
350,Pfizer Ltd.,PHARMA,PFIZER,,,,,
351,Phillips Carbon Black Ltd.,CHEMICALS,PHILIPCARB,,,,,
352,Phoenix Mills Ltd.,CONSTRUCTION,PHOENIXLTD,,,,,
353,Pidilite Industries Ltd.,CHEMICALS,PIDILITIND,,,,,
354,Piramal Enterprises Ltd.,FINANCIAL SERVICES,PEL,,,,,
355,Poly Medicure Ltd.,HEALTHCARE SERVICES,POLYMED,,,,,
356,Polycab India Ltd.,INDUSTRIAL MANUFACTURING,POLYCAB,,,,,
357,Polyplex Corporation Ltd.,INDUSTRIAL MANUFACTURING,POLYPLEX,,,,,
358,Power Finance Corporation Ltd.,FINANCIAL SERVICES,PFC,,,,,
359,Power Grid Corporation of India Ltd.,POWER,POWERGRID,,,,,
360,Prestige Estates Projects Ltd.,CONSTRUCTION,PRESTIGE,,,,,
361,Prince Pipes and Fittings Ltd.,INDUSTRIAL MANUFACTURING,PRINCEPIPE,,,,,
362,Prism Johnson Ltd.,CEMENT & CEMENT PRODUCTS,PRSMJOHNSN,,,,,
363,Procter & Gamble Health Ltd.,PHARMA,PGHL,,,,,
364,Procter & Gamble Hygiene & Health Care Ltd.,CONSUMER GOODS,PGHH,,,,,
365,Punjab National Bank,FINANCIAL SERVICES,PNB,,,,,
366,Quess Corp Ltd.,SERVICES,QUESS,,,,,
367,RBL Bank Ltd.,FINANCIAL SERVICES,RBLBANK,,,,,
368,REC Ltd.,FINANCIAL SERVICES,RECLTD,,,,,
369,RITES Ltd.,SERVICES,RITES,,,,,
370,Radico Khaitan Ltd,CONSUMER GOODS,RADICO,,,,,
371,Rail Vikas Nigam Ltd.,CONSTRUCTION,RVNL,,,,,
372,Rain Industries Ltd,CHEMICALS,RAIN,,,,,
373,Rajesh Exports Ltd.,CONSUMER GOODS,RAJESHEXPO,,,,,
374,Rallis India Ltd.,FERTILISERS & PESTICIDES,RALLIS,,,,,
375,Rashtriya Chemicals & Fertilizers Ltd.,FERTILISERS & PESTICIDES,RCF,,,,,
376,Ratnamani Metals & Tubes Ltd.,METALS,RATNAMANI,,,,,
377,Raymond Ltd.,TEXTILES,RAYMOND,,,,,
378,Redington (India) Ltd.,SERVICES,REDINGTON,,,,,
379,Relaxo Footwears Ltd.,CONSUMER GOODS,RELAXO,,,,,
380,Reliance Industries Ltd.,OIL & GAS,RELIANCE,,,,,
381,Responsive Industries Ltd.,CONSUMER GOODS,RESPONIND,,,,,
382,Rossari Biotech Ltd.,CHEMICALS,ROSSARI,,,,,
383,Route Mobile Ltd.,IT,ROUTE,,,,,
384,SBI Cards and Payment Services Ltd.,FINANCIAL SERVICES,SBICARD,,,,,
385,SBI Life Insurance Company Ltd.,FINANCIAL SERVICES,SBILIFE,,,,,
386,SIS Ltd.,SERVICES,SIS,,,,,
387,SJVN Ltd.,POWER,SJVN,,,,,
388,SKF India Ltd.,INDUSTRIAL MANUFACTURING,SKFINDIA,,,,,
389,SRF Ltd.,CHEMICALS,SRF,,,,,
390,Sanofi India Ltd.,PHARMA,SANOFI,,,,,
391,Schaeffler India Ltd.,INDUSTRIAL MANUFACTURING,SCHAEFFLER,,,,,
392,Schneider Electric Infrastructure Ltd.,INDUSTRIAL MANUFACTURING,SCHNEIDER,,,,,
393,Sequent Scientific Ltd.,PHARMA,SEQUENT,,,,,
394,Sharda Cropchem Ltd.,FERTILISERS & PESTICIDES,SHARDACROP,,,,,
395,Sheela Foam Ltd.,CONSUMER GOODS,SFL,,,,,
396,Shilpa Medicare Ltd.,PHARMA,SHILPAMED,,,,,
397,Shipping Corporation of India Ltd.,SERVICES,SCI,,,,,
398,Shoppers Stop Ltd.,CONSUMER SERVICES,SHOPERSTOP,,,,,
399,Shree Cement Ltd.,CEMENT & CEMENT PRODUCTS,SHREECEM,,,,,
400,Shriram City Union Finance Ltd.,FINANCIAL SERVICES,SHRIRAMCIT,,,,,
401,Shriram Transport Finance Co. Ltd.,FINANCIAL SERVICES,SRTRANSFIN,,,,,
402,Siemens Ltd.,INDUSTRIAL MANUFACTURING,SIEMENS,,,,,
403,Sobha Ltd.,CONSTRUCTION,SOBHA,,,,,
404,Solar Industries India Ltd.,CHEMICALS,SOLARINDS,,,,,
405,Solara Active Pharma Sciences Ltd.,PHARMA,SOLARA,,,,,
406,Sonata Software Ltd.,IT,SONATSOFTW,,,,,
407,Spandana Sphoorty Financial Ltd.,FINANCIAL SERVICES,SPANDANA,,,,,
408,Spicejet Ltd.,SERVICES,SPICEJET,,,,,
409,Star Cement Ltd.,CEMENT & CEMENT PRODUCTS,STARCEMENT,,,,,
410,State Bank of India,FINANCIAL SERVICES,SBIN,,,,,
411,Steel Authority of India Ltd.,METALS,SAIL,,,,,
412,Sterling And Wilson Solar Ltd.,CONSTRUCTION,SWSOLAR,,,,,
413,Sterlite Technologies Ltd.,TELECOM,STLTECH,,,,,
414,Strides Pharma Science Ltd.,PHARMA,STAR,,,,,
415,Sudarshan Chemical Industries Ltd.,CHEMICALS,SUDARSCHEM,,,,,
416,Sumitomo Chemical India Ltd.,FERTILISERS & PESTICIDES,SUMICHEM,,,,,
417,Sun Pharma Advanced Research Company Ltd.,PHARMA,SPARC,,,,,
418,Sun Pharmaceutical Industries Ltd.,PHARMA,SUNPHARMA,,,,,
419,Sun TV Network Ltd.,MEDIA ENTERTAINMENT & PUBLICATION,SUNTV,,,,,
420,Sundaram Clayton Ltd.,AUTOMOBILE,SUNCLAYLTD,,,,,
421,Sundaram Finance Ltd.,FINANCIAL SERVICES,SUNDARMFIN,,,,,
422,Sundram Fasteners Ltd.,AUTOMOBILE,SUNDRMFAST,,,,,
423,Sunteck Realty Ltd.,CONSTRUCTION,SUNTECK,,,,,
424,Suprajit Engineering Ltd.,AUTOMOBILE,SUPRAJIT,,,,,
425,Supreme Industries Ltd.,INDUSTRIAL MANUFACTURING,SUPREMEIND,,,,,
426,Supreme Petrochem Ltd.,CHEMICALS,SUPPETRO,,,,,
427,Suven Pharmaceuticals Ltd.,PHARMA,SUVENPHAR,,,,,
428,Suzlon Energy Ltd.,INDUSTRIAL MANUFACTURING,SUZLON,,,,,
429,Swan Energy Ltd.,TEXTILES,SWANENERGY,,,,,
430,Symphony Ltd.,CONSUMER GOODS,SYMPHONY,,,,,
431,Syngene International Ltd.,HEALTHCARE SERVICES,SYNGENE,,,,,
432,TCI Express Ltd.,SERVICES,TCIEXP,,,,,
433,TCNS Clothing Co. Ltd.,TEXTILES,TCNSBRANDS,,,,,
434,TTK Prestige Ltd.,CONSUMER GOODS,TTKPRESTIG,,,,,
435,TV18 Broadcast Ltd.,MEDIA ENTERTAINMENT & PUBLICATION,TV18BRDCST,,,,,
436,TVS Motor Company Ltd.,AUTOMOBILE,TVSMOTOR,,,,,
437,Tanla Platforms Ltd.,IT,TANLA,,,,,
438,Tasty Bite Eatables Ltd.,CONSUMER GOODS,TASTYBITE,,,,,
439,Tata Chemicals Ltd.,CHEMICALS,TATACHEM,,,,,
440,Tata Coffee Ltd.,CONSUMER GOODS,TATACOFFEE,,,,,
441,Tata Communications Ltd.,TELECOM,TATACOMM,,,,,
442,Tata Consultancy Services Ltd.,IT,TCS,,,,,
443,Tata Consumer Products Ltd.,CONSUMER GOODS,TATACONSUM,,,,,
444,Tata Elxsi Ltd.,IT,TATAELXSI,,,,,
445,Tata Investment Corporation Ltd.,FINANCIAL SERVICES,TATAINVEST,,,,,
446,Tata Motors Ltd DVR,AUTOMOBILE,TATAMTRDVR,,,,,
447,Tata Motors Ltd.,AUTOMOBILE,TATAMOTORS,,,,,
448,Tata Power Co. Ltd.,POWER,TATAPOWER,,,,,
449,Tata Steel Ltd.,METALS,TATASTEEL,,,,,
450,Teamlease Services Ltd.,SERVICES,TEAMLEASE,,,,,
451,Tech Mahindra Ltd.,IT,TECHM,,,,,
452,The New India Assurance Company Ltd.,FINANCIAL SERVICES,NIACL,,,,,
453,The Ramco Cements Ltd.,CEMENT & CEMENT PRODUCTS,RAMCOCEM,,,,,
454,Thermax Ltd.,INDUSTRIAL MANUFACTURING,THERMAX,,,,,
455,Thyrocare Technologies Ltd.,HEALTHCARE SERVICES,THYROCARE,,,,,
456,Timken India Ltd.,INDUSTRIAL MANUFACTURING,TIMKEN,,,,,
457,Titan Company Ltd.,CONSUMER GOODS,TITAN,,,,,
458,Torrent Pharmaceuticals Ltd.,PHARMA,TORNTPHARM,,,,,
459,Torrent Power Ltd.,POWER,TORNTPOWER,,,,,
460,Trent Ltd.,CONSUMER SERVICES,TRENT,,,,,
461,Trident Ltd.,TEXTILES,TRIDENT,,,,,
462,Triveni Turbine Ltd.,INDUSTRIAL MANUFACTURING,TRITURBINE,,,,,
463,Tube Investments of India Ltd.,AUTOMOBILE,TIINDIA,,,,,
464,UCO Bank,FINANCIAL SERVICES,UCOBANK,,,,,
465,UFLEX Ltd.,INDUSTRIAL MANUFACTURING,UFLEX,,,,,
466,UPL Ltd.,FERTILISERS & PESTICIDES,UPL,,,,,
467,UTI Asset Management Company Ltd.,FINANCIAL SERVICES,UTIAMC,,,,,
468,Ujjivan Financial Services Ltd.,FINANCIAL SERVICES,UJJIVAN,,,,,
469,Ujjivan Small Finance Bank Ltd.,FINANCIAL SERVICES,UJJIVANSFB,,,,,
470,UltraTech Cement Ltd.,CEMENT & CEMENT PRODUCTS,ULTRACEMCO,,,,,
471,Union Bank of India,FINANCIAL SERVICES,UNIONBANK,,,,,
472,United Breweries Ltd.,CONSUMER GOODS,UBL,,,,,
473,United Spirits Ltd.,CONSUMER GOODS,MCDOWELL-N,,,,,
474,V-Guard Industries Ltd.,CONSUMER GOODS,VGUARD,,,,,
475,V-Mart Retail Ltd.,CONSUMER SERVICES,VMART,,,,,
476,V.I.P. Industries Ltd.,CONSUMER GOODS,VIPIND,,,,,
477,VST Industries Ltd.,CONSUMER GOODS,VSTIND,,,,,
478,Vaibhav Global Ltd.,CONSUMER SERVICES,VAIBHAVGBL,,,,,
479,Vakrangee Ltd.,IT,VAKRANGEE,,,,,
480,Valiant Organics Ltd.,CHEMICALS,VALIANTORG,,,,,
481,Vardhman Textiles Ltd.,TEXTILES,VTL,,,,,
482,Varroc Engineering Ltd.,AUTOMOBILE,VARROC,,,,,
483,Varun Beverages Ltd.,CONSUMER GOODS,VBL,,,,,
484,Vedanta Ltd.,METALS,VEDL,,,,,
485,Venky's (India) Ltd.,CONSUMER GOODS,VENKEYS,,,,,
486,Vinati Organics Ltd.,CHEMICALS,VINATIORGA,,,,,
487,Vodafone Idea Ltd.,TELECOM,IDEA,,,,,
488,Voltas Ltd.,CONSUMER GOODS,VOLTAS,,,,,
489,WABCO India Ltd.,AUTOMOBILE,WABCOINDIA,,,,,
490,Welspun Corp Ltd.,METALS,WELCORP,,,,,
491,Welspun India Ltd.,TEXTILES,WELSPUNIND,,,,,
492,Westlife Development Ltd.,CONSUMER SERVICES,WESTLIFE,,,,,
493,Whirlpool of India Ltd.,CONSUMER GOODS,WHIRLPOOL,,,,,
494,Wipro Ltd.,IT,WIPRO,,,,,
495,Wockhardt Ltd.,PHARMA,WOCKPHARMA,,,,,
496,Yes Bank Ltd.,FINANCIAL SERVICES,YESBANK,,,,,
497,Zee Entertainment Enterprises Ltd.,MEDIA ENTERTAINMENT & PUBLICATION,ZEEL,,,,,
498,Zensar Technolgies Ltd.,IT,ZENSARTECH,,,,,
499,Zydus Wellness Ltd.,CONSUMER GOODS,ZYDUSWELL,,,,,
500,eClerx Services Ltd.,IT,ECLERX,,,,,
